date,instrument,open,high,close,low,volume,amount,factor
2018-01-05,002387,59.4895,61.7311,60.7348,59.276,6689911.0,114558872.0,3.558
2018-01-04,002387,60.0588,60.13,59.4895,59.3116,2792170.0,46824952.0,3.558
2018-01-03,002387,59.2049,60.3079,60.0944,59.0626,4602785.0,77365400.0,3.558
2018-01-02,002387,58.8491,59.703,59.2405,58.8491,2372649.0,39538320.0,3.558
2017-12-29,002387,59.0626,59.9521,59.5251,58.9202,1680100.0,28077896.0,3.558
2017-12-28,002387,59.6674,59.7742,59.027,58.9202,2182803.0,36304772.0,3.558
2017-12-27,002387,59.9876,60.2367,59.5251,59.0626,2443801.0,40865308.0,3.558
2017-12-26,002387,59.9521,60.1655,59.9876,58.9202,2747005.0,46151672.0,3.558
2017-12-25,002387,59.5251,60.0944,59.4539,57.924,3060201.0,50766012.0,3.558
2017-12-22,002387,60.806,60.806,59.5251,59.027,6707335.0,112624088.0,3.558
2017-12-21,002387,62.4427,62.4427,60.8416,59.9876,6681204.0,114576760.0,3.558
2017-12-20,002387,63.3677,63.3677,62.2648,62.1224,3671795.0,64462296.0,3.558
2017-12-19,002387,63.3322,63.6524,63.3322,63.0475,2109406.0,37491408.0,3.558
2017-12-18,002387,63.8658,63.9014,63.2966,62.6561,2199259.0,38986440.0,3.558
2017-12-15,002387,64.7553,65.2535,63.5812,63.261,3329880.0,59818800.0,3.558
2017-12-14,002387,63.2254,65.289,64.7198,63.0831,5034967.0,90965072.0,3.558
2017-12-13,002387,62.3359,63.6168,63.2254,62.3359,3276822.0,58192848.0,3.558
2017-12-12,002387,62.2648,64.1149,62.7985,62.0869,5298578.0,93964616.0,3.558
2017-12-11,002387,62.4427,62.7629,62.5138,62.0157,2618444.0,45974972.0,3.558
2017-12-08,002387,62.3359,62.7985,62.3003,61.8378,3991760.0,69916152.0,3.558
2017-12-07,002387,62.3003,63.2966,62.4782,62.1224,2829075.0,49733460.0,3.558
2017-12-06,002387,61.6599,63.261,62.9408,61.6599,5780753.0,101326368.0,3.558
2017-12-05,002387,64.1149,64.3995,61.5532,61.4464,6219686.0,109096472.0,3.558
2017-12-04,002387,65.716,65.7516,64.5063,63.9014,5178110.0,93960736.0,3.558
2017-12-01,002387,63.7235,66.2853,65.6093,63.7235,6666540.0,122706736.0,3.558
2017-11-30,002387,62.2648,65.9295,63.9014,62.2648,9328851.0,168088624.0,3.558
2017-11-29,002387,62.1224,62.5138,61.909,61.5887,5028560.0,87708120.0,3.558
2017-11-28,002387,61.8378,62.7273,62.1224,61.4464,4141167.0,72138960.0,3.558
2017-11-27,002387,61.8378,62.7985,61.909,61.482,4811085.0,83949776.0,3.558
2017-11-24,002387,61.48,62.7,61.8,61.16,6324385.0,110318556.0,3.55787037037
2017-11-23,002387,62.05,63.48,61.06,61.02,7129754.0,125191055.0,3.55791284404
2017-11-22,002387,64.4,64.76,62.09,61.38,12472040.0,220011522.0,3.55801104972
2017-11-21,002387,65.43,66.36,64.4,63.09,11793786.0,214838843.0,3.55791190865
2017-11-20,002387,64.94,66.72,65.65,62.27,10214557.0,185680714.0,3.55835616438
2017-11-17,002387,73.05,73.58,65.83,65.83,17639960.0,341706984.0,3.55820750122
2017-11-16,002387,73.9,74.51,73.12,72.59,5288540.0,108953925.0,3.55801636976
2017-11-15,002387,75.29,76.29,73.83,73.12,9085406.0,190523914.0,3.55812854442
2017-11-14,002387,73.65,75.89,75.29,73.05,10673694.0,224032607.0,3.55797101449
2017-11-13,002387,72.3,74.54,74.05,71.34,8752379.0,180257521.0,3.55807086614
2017-11-10,002387,73.37,75.15,72.76,72.66,9238462.0,191093396.0,3.55819592629
2017-11-09,002387,72.41,74.29,73.69,71.52,10115787.0,207349675.0,3.55823095823
2017-11-08,002387,74.94,75.25,72.59,71.8,13217192.0,271394721.0,3.5584045584
2017-11-07,002387,72.76,77.03,74.01,72.23,24281008.0,506237252.0,3.55794621027
2017-11-06,002387,68.07,71.13,70.52,67.21,10156027.0,198862611.0,3.55828541558
2017-11-03,002387,68.96,70.63,67.78,66.82,8262269.0,159573148.0,3.55830753354
2017-11-02,002387,70.24,71.16,69.92,69.74,11340695.0,224557390.0,3.55825734549
2017-11-01,002387,68.07,70.63,70.59,67.71,12509706.0,243614521.0,3.55828541558
2017-10-31,002387,68.89,69.38,68.42,67.25,10289006.0,196713429.0,3.5583677686
2017-10-30,002387,71.41,72.52,69.14,68.99,19833173.0,395004585.0,3.55804683607
2017-10-27,002387,70.98,72.34,70.52,69.21,21469888.0,427591557.0,3.55789473684
2017-10-26,002387,67.57,72.41,71.2,67.43,28763964.0,568930206.0,3.55818852027
2017-10-25,002387,64.72,69.35,67.64,64.22,13515416.0,252989565.0,3.55799890049
2017-10-24,002387,64.83,65.26,64.62,63.87,6154471.0,111687752.0,3.55817782656
2017-10-23,002387,63.09,65.08,64.83,63.05,6671184.0,120169770.0,3.55837563452
2017-10-20,002387,62.3,63.69,63.55,62.3,2771140.0,49124196.0,3.55796687607
2017-10-19,002387,63.73,64.01,62.62,62.27,5820713.0,103145468.0,3.55834729202
2017-10-18,002387,63.44,64.72,64.08,63.16,6011467.0,108394360.0,3.55804823331
2017-10-17,002387,64.58,65.08,63.41,63.23,5940536.0,106621436.0,3.55812672176
2017-10-16,002387,64.62,66.89,64.69,64.47,13995187.0,257561273.0,3.55837004405
2017-10-13,002387,62.8,64.94,64.58,62.8,6018392.0,108421143.0,3.55807365439
2017-10-12,002387,63.51,64.22,63.16,62.98,4552084.0,81517258.0,3.55798319328
2017-10-11,002387,64.3,64.3,63.51,63.09,4305248.0,76884981.0,3.55838406198
2017-10-10,002387,64.01,64.55,64.22,63.19,7001424.0,125524682.0,3.55808782657
2017-10-09,002387,62.16,64.58,64.19,61.38,10257268.0,183199534.0,3.55809959931
2017-09-29,002387,63.02,63.26,61.95,61.8,4068599.0,71408334.0,3.55844155844
2017-09-28,002387,62.16,63.3,63.02,61.56,5498016.0,96313336.0,3.55809959931
2017-09-27,002387,61.06,62.12,61.84,61.06,3441972.0,59697972.0,3.55827505828
2017-09-26,002387,60.77,61.45,61.2,60.06,3424285.0,58420806.0,3.55796252927
2017-09-25,002387,61.88,62.37,60.77,60.49,3155711.0,54540303.0,3.55836687752
2017-09-22,002387,62.62,62.62,61.98,61.48,3925681.0,68273338.0,3.55795454545
2017-09-21,002387,63.87,64.62,62.66,62.62,7247735.0,129519865.0,3.55821727019
2017-09-20,002387,62.23,63.26,63.19,62.12,2842148.0,50140158.0,3.55803316181
2017-09-19,002387,63.55,64.33,62.45,62.02,5826778.0,103058352.0,3.55823068309
2017-09-18,002387,62.52,63.98,63.69,62.3,4846407.0,86063415.0,3.55833807627
2017-09-15,002387,63.09,63.44,62.62,62.34,3836007.0,67663264.0,3.55837563452
2017-09-14,002387,64.33,64.65,63.34,63.05,6066336.0,108625714.0,3.55807522124
2017-09-13,002387,63.48,64.86,64.33,62.91,6753506.0,121614213.0,3.55829596413
2017-09-12,002387,62.77,64.33,63.62,62.34,8512594.0,151809928.0,3.55839002268
2017-09-11,002387,60.45,62.98,62.94,60.45,12937329.0,226022313.0,3.55797527958
2017-09-08,002387,60.52,60.88,60.38,60.03,3052872.0,51816338.0,3.55790711346
2017-09-07,002387,61.66,61.73,60.52,60.45,4054500.0,69488999.0,3.55799192152
2017-09-06,002387,61.56,62.23,61.66,60.99,3582242.0,62000882.0,3.55838150289
2017-09-05,002387,61.02,62.05,61.59,60.92,4818918.0,83467065.0,3.55801749271
2017-09-04,002387,60.24,61.56,61.02,60.24,4213823.0,72318122.0,3.55818074424
2017-09-01,002387,60.2,61.02,60.45,59.92,2694102.0,45720899.0,3.55791962175
2017-08-31,002387,60.81,61.06,60.13,60.06,2495341.0,42375674.0,3.55822118198
2017-08-30,002387,60.92,61.56,60.74,60.67,3056403.0,52497150.0,3.55841121495
2017-08-29,002387,59.92,62.45,61.2,59.49,5785529.0,99344477.0,3.55819477435
2017-08-28,002387,59.63,59.99,59.78,59.42,2629389.0,44159811.0,3.55787589499
2017-08-25,002387,59.28,59.78,59.74,59.28,1912952.0,32005758.0,3.55822328932
2017-08-24,002387,59.35,59.71,59.56,59.06,2330417.0,38915059.0,3.55815347722
2017-08-23,002387,59.42,59.99,59.35,59.14,2105800.0,35182434.0,3.55808383234
2017-08-22,002387,60.38,60.77,59.46,59.42,4729650.0,79722872.0,3.55804360636
2017-08-21,002387,60.84,61.34,60.77,60.45,2410468.0,41161161.0,3.55789473684
2017-08-18,002387,61.38,61.7,60.77,60.24,4485364.0,76758997.0,3.55826086957
2017-08-17,002387,60.35,62.66,62.02,60.13,9124072.0,158156778.0,3.55837264151
2017-08-16,002387,63.34,64.01,60.77,60.59,11616492.0,203705459.0,3.55842696629
2017-08-15,002387,60.31,60.81,60.56,59.99,2795683.0,47423019.0,3.5581120944
2017-08-14,002387,59.88,60.7,60.24,59.88,2425950.0,41098885.0,3.55793226381
2017-08-11,002387,60.13,61.2,60.2,59.88,3563567.0,60472747.0,3.55798816568
2017-08-10,002387,60.95,61.56,60.7,59.63,3972701.0,67469317.0,3.55808523059
2017-08-09,002387,61.13,61.2,61.13,60.03,3142611.0,53598074.0,3.55820721769
2017-08-08,002387,61.02,61.8,60.7,60.42,4441465.0,75999182.0,3.55801749271
2017-08-07,002387,59.78,61.56,61.34,59.42,5710447.0,97970362.0,3.55833333333
2017-08-04,002387,59.99,60.31,59.78,59.42,2793428.0,47018578.0,3.5581257414
2017-08-03,002387,58.89,59.95,59.85,58.03,3513347.0,58389278.0,3.5583081571
2017-08-02,002387,59.63,61.2,59.53,58.89,5709431.0,96295476.0,3.55787589499
2017-08-01,002387,58.85,59.24,58.96,58.42,3153794.0,52087572.0,3.55804111245
2017-07-31,002387,58.28,59.28,58.99,58.1,4402985.0,72962588.0,3.557997558
2017-07-28,002387,58.28,58.53,58.03,57.5,2804731.0,45616139.0,3.557997558
2017-07-27,002387,57.64,58.18,57.93,57.36,3726062.0,60649098.0,3.55802469136
2017-07-26,002387,57.25,58.18,57.78,56.72,3313484.0,53572604.0,3.55811062772
2017-07-25,002387,56.22,58.0,57.53,56.22,4131290.0,66378350.0,3.5582278481
2017-07-24,002387,57.11,57.11,56.68,56.04,2861890.0,45442150.0,3.55825545171
2017-07-21,002387,57.39,58.0,57.11,56.93,5112740.0,82274553.0,3.55796652201
2017-07-20,002387,57.64,59.28,58.21,57.07,6859785.0,112433184.0,3.55802469136
2017-07-19,002387,56.22,58.64,57.78,56.22,5235156.0,84883730.0,3.5582278481
2017-07-18,002387,54.65,56.82,56.58,54.62,4439863.0,69914599.0,3.55794270833
2017-07-17,002387,57.22,57.22,54.65,53.37,5399014.0,84050000.0,3.55845771144
2017-07-14,002387,55.72,58.28,57.75,55.72,10587527.0,170611515.0,3.55810983397
2017-07-13,002387,55.61,56.11,55.69,55.19,2441888.0,38122244.0,3.55790147153
2017-07-12,002387,55.33,57.5,56.18,55.22,4646329.0,73571318.0,3.55819935691
2017-07-11,002387,56.57,56.65,55.65,55.37,3925063.0,61744161.0,3.55786163522
2017-07-10,002387,55.01,58.53,57.04,54.58,8438777.0,133951718.0,3.55821474774
2017-07-07,002387,55.69,55.69,54.9,54.19,3472228.0,53864844.0,3.55846645367
2017-07-06,002387,53.91,54.33,54.19,53.8,2696469.0,41011130.0,3.55841584158
2017-07-05,002387,53.76,54.3,53.8,53.44,2741254.0,41383945.0,3.55790866976
2017-07-04,002387,54.4,54.76,54.01,53.73,2780300.0,42219176.0,3.55788096795
2017-07-03,002387,54.72,55.51,54.72,54.48,2599797.0,40116835.0,3.55786736021
2017-06-30,002387,54.62,54.97,54.87,52.66,6958318.0,105645407.0,3.55830618893
2017-06-29,002387,55.83,56.4,55.83,55.83,2836918.0,44726596.0,3.55831739962
2017-06-28,002387,56.5,56.86,55.86,55.86,5561182.0,87892053.0,3.55793450882
2017-06-27,002387,57.53,57.64,56.65,56.04,7071436.0,112595604.0,3.55782312925
2017-06-26,002387,57.36,57.82,57.32,56.79,3470410.0,55736272.0,3.55831265509
2017-06-23,002387,57.36,57.64,57.57,57.0,2664811.0,42893743.0,3.55831265509
2017-06-22,002387,59.42,59.53,57.46,57.43,4916224.0,80496937.0,3.55808383234
2017-06-21,002387,58.35,59.6,59.17,58.03,4426712.0,73134799.0,3.55792682927
2017-06-20,002387,58.35,58.67,58.14,58.0,3126118.0,51282039.0,3.55792682927
2017-06-19,002387,58.17,58.57,58.1,57.71,3096398.0,50508044.0,3.55779816514
2017-06-16,002387,58.32,58.71,58.25,58.03,2941412.0,48294241.0,3.55826723612
2017-06-15,002387,57.78,58.96,58.17,57.64,2853096.0,46746818.0,3.5578817734
2017-06-14,002387,58.17,58.64,57.78,57.43,3133918.0,50872857.0,3.55779816514
2017-06-13,002387,57.71,58.71,58.21,57.64,2435148.0,39854925.0,3.55795314427
2017-06-12,002387,58.39,58.82,57.85,57.82,2895007.0,47314013.0,3.55819622182
2017-06-09,002387,59.1,59.21,58.71,58.35,3171936.0,52298249.0,3.55809753161
2017-06-08,002387,59.31,60.35,59.1,59.06,4372121.0,73223026.0,3.55788842232
2017-06-07,002387,58.0,59.88,59.56,58.0,4815956.0,80213240.0,3.55828220859
2017-06-06,002387,59.14,59.56,58.35,58.0,4572815.0,75189565.0,3.55836341757
2017-06-05,002387,59.28,60.06,59.67,58.53,5110006.0,85027188.0,3.55822328932
2017-06-02,002387,57.04,59.6,59.14,57.0,5241104.0,85516922.0,3.55832813475
2017-06-01,002387,58.46,58.67,57.43,57.43,4369327.0,71283512.0,3.5581253804
2017-05-31,002387,60.38,60.7,59.1,59.1,5137710.0,86176179.0,3.55804360636
2017-05-26,002387,58.92,61.45,60.27,57.82,8706601.0,146649025.0,3.55797101449
2017-05-25,002387,58.35,58.92,58.71,57.0,5524236.0,90444271.0,3.55792682927
2017-05-24,002387,57.04,59.78,58.64,55.58,6258801.0,102172701.0,3.55832813475
2017-05-23,002387,59.24,60.45,56.97,56.97,7045190.0,116302181.0,3.55795795796
2017-05-22,002387,62.59,62.59,59.38,59.24,8981249.0,153453883.0,3.55827174531
2017-05-19,002387,61.59,62.91,61.91,60.63,9221376.0,159929252.0,3.55805892548
2017-05-18,002387,60.49,65.19,62.27,60.24,15367287.0,270864353.0,3.55823529412
2017-05-17,002387,59.03,63.87,63.87,57.85,10393730.0,179118987.0,3.55816757083
2017-05-16,002387,55.9,58.5,58.07,55.58,6755050.0,108415378.0,3.55824315722
2017-05-15,002387,56.61,57.32,55.9,55.86,3476700.0,55269622.0,3.55813953488
2017-05-12,002387,57.32,58.03,56.68,56.57,4443355.0,71403522.0,3.55803848541
2017-05-11,002387,56.93,59.31,57.82,55.33,6532174.0,106237822.0,3.558125
2017-05-10,002387,57.5,59.28,57.57,57.29,5637870.0,92254638.0,3.55816831683
2017-05-09,002387,58.28,58.35,58.0,55.9,8259744.0,133131346.0,3.557997558
2017-05-08,002387,58.57,60.74,59.46,57.29,9267600.0,154705714.0,3.55832320778
2017-05-05,002387,58.0,58.85,58.57,57.22,4941516.0,80600819.0,3.55828220859
2017-05-04,002387,58.39,59.63,58.21,58.17,4609291.0,76030363.0,3.55819622182
2017-05-03,002387,59.46,59.78,58.21,58.03,5910211.0,97228684.0,3.55834829443
2017-05-02,002387,59.42,60.2,59.81,59.42,4393148.0,73858995.0,3.55808383234
2017-04-28,002387,58.64,60.06,59.67,58.35,4022885.0,67327668.0,3.55825242718
2017-04-27,002387,58.99,59.71,58.64,57.89,6305992.0,103871035.0,3.55790108565
2017-04-26,002387,58.42,60.95,60.03,57.75,5292714.0,88609030.0,3.55785627284
2017-04-25,002387,58.0,59.38,58.46,57.78,4539047.0,74670086.0,3.55828220859
2017-04-24,002387,59.49,59.49,57.82,57.46,5063900.0,82992731.0,3.55801435407
2017-04-21,002387,59.31,60.03,59.49,58.78,4764233.0,79459111.0,3.55788842232
2017-04-20,002387,62.09,62.27,59.78,59.31,11583418.0,197329426.0,3.55816618911
2017-04-19,002387,62.84,63.3,62.23,61.13,6444049.0,112729667.0,3.55832389581
2017-04-18,002387,62.52,63.83,61.95,61.95,9422772.0,166318785.0,3.55833807627
2017-04-17,002387,64.94,65.79,62.34,62.27,11834429.0,210886493.0,3.55835616438
2017-04-14,002387,67.96,69.31,66.5,65.9,15455023.0,293014142.0,3.55811518325
2017-04-13,002387,64.26,70.74,67.75,63.37,21583863.0,411337368.0,3.55813953488
2017-04-12,002387,68.71,69.78,64.9,64.4,28038240.0,528399372.0,3.55825996893
2017-04-11,002387,68.32,73.01,71.55,67.53,41557880.0,823375365.0,3.55833333333
2017-04-10,002387,65.83,70.06,67.11,62.62,35541353.0,677386743.0,3.55837837838
2017-04-07,002387,65.01,65.36,63.69,61.88,20170275.0,360078522.0,3.55829228243
2017-04-06,002387,67.61,67.61,64.76,63.05,33985350.0,621650837.0,3.55842105263
2017-04-05,002387,63.23,63.23,63.23,60.84,25838377.0,456437625.0,3.55824423185
2017-03-31,002387,57.5,58.0,57.46,57.0,2162851.0,34937187.0,3.55816831683
2017-03-30,002387,58.96,59.24,57.46,57.46,3474520.0,56670584.0,3.55823777912
2017-03-29,002387,59.78,59.81,58.96,58.74,2499727.0,41583922.0,3.55833333333
2017-03-28,002387,60.84,61.23,59.95,59.24,3644415.0,61706698.0,3.55789473684
2017-03-27,002387,59.78,61.91,60.99,59.35,8452068.0,144092645.0,3.55833333333
2017-03-24,002387,59.17,60.13,59.63,59.17,2629442.0,44126581.0,3.55802766085
2017-03-23,002387,59.42,60.03,59.74,59.1,3193801.0,53499898.0,3.55808383234
2017-03-22,002387,61.2,61.2,59.46,58.71,5254820.0,88060346.0,3.55813953488
2017-03-21,002387,61.23,61.48,61.38,60.7,2812054.0,48327669.0,3.55781522371
2017-03-20,002387,61.27,62.09,61.16,60.91,2755169.0,47510915.0,3.55807200929
2017-03-17,002387,62.02,62.23,61.45,61.31,3014747.0,52361571.0,3.55823293173
2017-03-16,002387,61.73,62.3,61.95,61.41,3458201.0,60092622.0,3.55792507205
2017-03-15,002387,62.34,62.66,61.63,61.56,3264537.0,56839220.0,3.55821917808
2017-03-14,002387,63.44,63.62,62.69,62.62,2488381.0,44089697.0,3.55804823331
2017-03-13,002387,62.66,63.9,62.94,62.66,3991705.0,70916886.0,3.55820556502
2017-03-10,002387,62.98,63.83,63.16,62.69,3302237.0,58661219.0,3.5581920904
2017-03-09,002387,64.05,64.69,63.26,63.01,4382493.0,78497595.0,3.55833333333
2017-03-08,002387,63.26,64.4,64.33,62.02,8199696.0,145868228.0,3.55793025872
2017-03-07,002387,64.12,64.12,63.12,62.62,5520552.0,97858848.0,3.55826859046
2017-03-06,002387,64.12,64.79,63.83,63.16,5683266.0,101881228.0,3.55826859046
2017-03-03,002387,64.3,65.83,64.33,62.98,9899690.0,178576658.0,3.55838406198
2017-03-02,002387,62.09,67.21,64.76,61.2,20180405.0,366404934.0,3.55816618911
2017-03-01,002387,58.89,64.54,62.98,58.42,10057864.0,173941627.0,3.5583081571
2017-02-28,002387,57.96,58.85,58.78,57.68,2530204.0,41452411.0,3.55801104972
2017-02-27,002387,58.71,58.71,57.96,57.93,3156152.0,51567483.0,3.55818181818
2017-02-24,002387,58.71,58.99,58.78,58.42,1754546.0,28922046.0,3.55818181818
2017-02-23,002387,59.28,59.49,58.71,58.57,2491771.0,41191923.0,3.55822328932
2017-02-22,002387,59.95,60.31,59.31,58.57,4094456.0,68057754.0,3.55786350148
2017-02-21,002387,59.31,59.99,59.7,59.24,1936827.0,32491772.0,3.55788842232
2017-02-20,002387,59.06,60.45,59.38,57.96,3170005.0,52459350.0,3.5578313253
2017-02-17,002387,59.99,60.45,59.42,59.24,1854910.0,31132257.0,3.5581257414
2017-02-16,002387,59.49,60.59,59.95,58.89,2171670.0,36459032.0,3.55801435407
2017-02-15,002387,60.7,60.7,59.63,59.6,2474169.0,41793980.0,3.55803048066
2017-02-14,002387,61.09,61.09,60.49,60.17,2209398.0,37551931.0,3.55794991264
2017-02-13,002387,61.02,61.34,60.91,60.13,2759489.0,47154226.0,3.55801749271
2017-02-10,002387,60.67,61.84,61.02,57.29,3476380.0,59595617.0,3.55835777126
2017-02-09,002387,61.02,61.48,60.91,60.52,2660407.0,45662060.0,3.55801749271
2017-02-08,002387,60.99,61.91,61.2,60.35,2643705.0,45182899.0,3.55834305718
2017-02-07,002387,60.42,62.02,61.2,59.78,3697011.0,63507377.0,3.55830388693
2017-02-06,002387,59.24,60.7,60.03,59.03,3540624.0,59724072.0,3.55795795796
2017-02-03,002387,59.42,59.99,59.28,59.21,1239583.0,20732184.0,3.55808383234
2017-01-26,002387,58.92,59.28,59.17,58.78,1672563.0,27758484.0,3.55797101449
2017-01-25,002387,58.85,59.06,58.89,58.35,1862857.0,30741841.0,3.55804111245
2017-01-24,002387,58.78,59.42,58.89,58.35,2694602.0,44466428.0,3.55811138015
2017-01-23,002387,58.35,59.78,59.21,58.35,2656593.0,44145628.0,3.55792682927
2017-01-20,002387,58.67,59.42,58.53,57.18,3191841.0,52633190.0,3.5579138872
2017-01-19,002387,59.74,59.74,58.67,58.6,2583260.0,42913405.0,3.55807027993
2017-01-18,002387,59.0628,60.8418,60.09462,58.8849,2965479.0,50284827.0,3.558
2017-01-17,002387,59.38302,60.486,59.48976,58.3512,3028527.0,50743896.0,3.558
2017-01-16,002387,62.47848,62.58522,59.73882,56.99916,6561605.0,110720758.0,3.558
2017-01-13,002387,63.6882,63.75936,62.47848,62.265,5231331.0,92454402.0,3.558
2017-01-12,002387,61.9092,65.43162,64.32864,56.928,10205653.0,181096973.0,3.558
2017-01-11,002387,62.9766,63.1545,61.94478,61.69572,3066658.0,53557935.0,3.558
2017-01-10,002387,60.8418,63.26124,62.94102,60.8418,6511764.0,114356577.0,3.558
2017-01-09,002387,61.1976,61.1976,60.8418,60.55716,2347780.0,40176712.0,3.558
2017-01-06,002387,62.265,62.30058,61.23318,61.05528,2603161.0,44911994.0,3.558
2017-01-05,002387,62.12268,62.4429,61.94478,61.23318,2838626.0,49594192.0,3.558
2017-01-04,002387,61.9092,62.47848,62.0871,61.41108,2752651.0,47894735.0,3.558
2017-01-03,002387,62.40732,62.65638,61.98036,61.05528,3173708.0,55181580.0,3.558
2016-12-30,002387,60.80622,62.69196,61.94478,60.6639,4074989.0,70741570.0,3.558
2016-12-29,002387,60.77064,61.41108,60.91296,60.486,2588654.0,44350756.0,3.558
2016-12-28,002387,61.1976,61.3755,60.80622,60.1302,3036820.0,51925333.0,3.558
2016-12-27,002387,60.80622,61.33992,61.16202,60.59274,2444699.0,41994692.0,3.558
2016-12-26,002387,59.98788,61.1976,60.8418,58.8849,3126922.0,52964597.0,3.558
2016-12-23,002387,61.1976,61.48224,59.91672,59.45418,3799278.0,64515689.0,3.558
2016-12-22,002387,61.62456,61.87362,61.12644,60.91296,2806656.0,48406728.0,3.558
2016-12-21,002387,60.62832,61.9092,61.48224,60.62832,4563861.0,78385384.0,3.558
2016-12-20,002387,60.3081,61.76688,60.59274,59.84556,4572875.0,78098716.0,3.558
2016-12-19,002387,62.37174,63.43914,60.87738,60.41484,5712012.0,98391142.0,3.558
2016-12-16,002387,62.72754,63.36798,62.37174,61.83804,3748131.0,65658675.0,3.558
2016-12-15,002387,62.265,63.61704,62.72754,61.12644,3283912.0,57907269.0,3.558
2016-12-14,002387,62.54964,64.72002,62.6208,62.54964,4438462.0,79051649.0,3.558
2016-12-13,002387,63.26124,63.97284,62.51406,60.80622,4687695.0,81707073.0,3.558
2016-12-12,002387,66.67692,67.92222,63.11892,62.83428,5581111.0,101463363.0,3.558
2016-12-09,002387,67.13946,67.38852,66.67692,66.1788,2272962.0,42510542.0,3.558
2016-12-08,002387,67.56642,68.52708,67.17504,67.17504,2938469.0,55892153.0,3.558
2016-12-07,002387,66.60576,69.52332,68.02896,65.92974,5819172.0,111053487.0,3.558
2016-12-06,002387,64.43538,70.41282,67.31736,64.25748,6987272.0,132198397.0,3.558
2016-12-05,002387,66.10764,66.10764,64.00842,63.26124,6567593.0,119197886.0,3.558
2016-12-02,002387,68.42034,68.59824,66.46344,66.21438,4371915.0,82678208.0,3.558
2016-12-01,002387,68.24244,68.77614,68.42034,67.9578,3092790.0,59350825.0,3.558
2016-11-30,002387,68.24244,69.0252,68.24244,67.88664,3063839.0,58944636.0,3.558
2016-11-29,002387,69.7368,69.9147,68.24244,68.17128,5827212.0,112642717.0,3.558
2016-11-28,002387,70.51956,70.73304,69.9147,69.2031,4972364.0,97491578.0,3.558
2016-11-25,002387,71.23116,71.23116,69.87912,67.99338,10183529.0,198745048.0,3.558
2016-11-24,002387,71.48022,72.939,71.44464,71.16,10225785.0,206292215.0,3.558
2016-11-23,002387,74.82474,77.27976,73.36596,72.939,24755930.0,522248233.0,3.558
2016-11-22,002387,71.6937,71.8716,71.55138,70.8042,4078497.0,81678165.0,3.558
2016-11-21,002387,71.83602,72.0495,71.58696,70.73304,6095711.0,122037678.0,3.558
2016-11-18,002387,70.19934,72.15624,71.65812,69.34542,9578125.0,191796768.0,3.558
2016-11-17,002387,70.0926,70.59072,70.2705,69.0252,4556524.0,89423326.0,3.558
2016-11-16,002387,69.381,71.80044,70.30608,69.381,8020333.0,159604978.0,3.558
2016-11-15,002387,69.381,69.9147,69.09636,68.34918,4282140.0,82798970.0,3.558
2016-11-14,002387,69.23868,70.05702,69.5589,68.95404,3982158.0,77802100.0,3.558
2016-11-11,002387,70.02144,70.2705,69.23868,68.8473,4087788.0,79599049.0,3.558
2016-11-10,002387,69.41658,70.76862,70.05702,69.41658,3774874.0,74220471.0,3.558
2016-11-09,002387,70.4484,70.87536,69.381,67.70874,6040982.0,118084520.0,3.558
2016-11-08,002387,69.48774,72.08508,70.94652,69.41658,8829248.0,176880501.0,3.558
2016-11-07,002387,69.48774,70.0926,68.8473,67.9578,4858306.0,93844405.0,3.558
2016-11-04,002387,70.6263,71.05326,69.48774,69.41658,4591278.0,90327647.0,3.558
2016-11-03,002387,70.4484,71.3379,70.30608,70.12818,4953356.0,98273067.0,3.558
2016-11-02,002387,72.36972,72.36972,70.4484,70.30608,6687016.0,133603430.0,3.558
2016-11-01,002387,71.6937,73.08132,72.44088,71.5158,3856810.0,78378900.0,3.558
2016-10-31,002387,71.83602,72.29856,71.40906,71.23116,3722350.0,75048659.0,3.558
2016-10-28,002387,72.15624,73.25922,71.83602,71.6937,4845097.0,98402603.0,3.558
2016-10-27,002387,74.0064,74.3622,72.72552,72.26298,7457470.0,152984114.0,3.558
2016-10-26,002387,72.47646,76.1412,74.29104,72.47646,10386196.0,217431992.0,3.558
2016-10-25,002387,71.94276,73.61502,72.44088,71.76486,5415995.0,110958976.0,3.558
2016-10-24,002387,71.48022,73.01016,72.01392,71.48022,6046748.0,122488874.0,3.558
2016-10-21,002387,74.93148,74.93148,72.33414,72.2274,9127299.0,187708628.0,3.558
2016-10-20,002387,72.79668,75.35844,75.2517,72.15624,10905503.0,226798958.0,3.558
2016-10-19,002387,72.79668,74.43336,72.939,72.65436,5022669.0,103435639.0,3.558
2016-10-18,002387,72.0495,73.57944,73.2948,72.0495,6351257.0,130196584.0,3.558
2016-10-17,002387,77.52882,77.5644,73.04574,72.7611,10557639.0,221140862.0,3.558
2016-10-14,002387,76.1412,77.42208,76.71048,75.9633,9174668.0,197963726.0,3.558
2016-10-13,002387,76.07004,76.95954,75.9633,74.8959,7923279.0,168920841.0,3.558
2016-10-12,002387,75.85656,78.06252,76.39026,74.8959,13206022.0,284349680.0,3.558
2016-10-11,002387,72.2274,76.92396,75.39402,71.23116,15966261.0,336435674.0,3.558
2016-10-10,002387,70.48398,72.72552,72.33414,70.16376,9073275.0,182945008.0,3.558
2016-09-30,002387,69.5589,71.16,70.23492,68.6694,6191596.0,122130970.0,3.558
2016-09-29,002387,69.63006,71.30232,69.59448,69.381,7534481.0,148823324.0,3.558
2016-09-28,002387,72.19182,72.19182,69.5589,69.381,6552209.0,130062630.0,3.558
2016-09-27,002387,69.98586,72.19182,71.5158,69.63006,10594746.0,211134895.0,3.558
2016-09-26,002387,71.16,73.4727,69.80796,69.381,12843226.0,256234893.0,3.558
2016-09-23,002387,74.8959,76.07004,72.2274,71.97834,16229613.0,335868335.0,3.558
2016-09-22,002387,74.93148,77.99136,75.4296,74.82474,16647870.0,355807995.0,3.558
2016-09-21,002387,79.3434,82.9014,76.1412,76.1412,26064890.0,582752469.0,3.558
2016-09-20,002387,76.1412,81.834,81.6561,73.36596,28604023.0,619390690.0,3.558
2016-09-19,002387,82.9014,84.6804,77.63556,75.7854,31404431.0,704950665.0,3.558
2016-09-14,002387,81.4782,81.4782,81.4782,78.31158,10495872.0,240124099.0,3.558
2016-08-30,002387,70.37724,74.718,74.07756,69.7368,12798893.0,262528434.0,3.558
2016-08-29,002387,71.76486,72.4053,70.37724,70.02144,9224775.0,183702059.0,3.558
2016-08-26,002387,69.16752,72.68994,71.76486,69.16752,14513730.0,289904980.0,3.558
2016-08-25,002387,69.70122,69.95028,69.0252,67.602,11669327.0,225632765.0,3.558
2016-08-24,002387,71.16,71.3379,70.4484,68.8473,13164916.0,258609836.0,3.558
2016-08-23,002387,69.13194,72.86784,70.87536,68.98962,24894827.0,497595998.0,3.558
2016-08-22,002387,65.823,72.51204,69.77238,65.50278,27481975.0,533967905.0,3.558
2016-08-19,002387,65.78742,67.38852,66.03648,65.14698,11831725.0,221236530.0,3.558
2016-08-18,002387,65.1114,66.81924,66.32112,64.3998,14301513.0,264109188.0,3.558
2016-08-17,002387,63.29682,68.27802,65.75184,62.94102,24906804.0,462449541.0,3.558
2016-08-16,002387,61.87362,63.36798,63.04776,61.30434,14466843.0,253809280.0,3.558
2016-08-15,002387,62.54964,62.69196,62.22942,60.486,13481949.0,233754379.0,3.558
2016-08-12,002387,61.62456,62.76312,62.0871,60.94854,8768995.0,152313639.0,3.558
2016-08-11,002387,62.265,63.29682,61.9092,61.12644,9753676.0,170430066.0,3.558
2016-08-10,002387,62.265,63.01218,62.37174,61.30434,11680214.0,204205155.0,3.558
2016-08-09,002387,63.1545,63.97284,63.01218,61.80246,15802851.0,278673729.0,3.558
2016-08-08,002387,61.7313,64.47096,63.65262,60.52158,22710691.0,402018364.0,3.558
2016-08-05,002387,63.47472,63.5103,62.51406,61.1976,23038116.0,401583727.0,3.558
2016-08-04,002387,65.6451,68.20686,64.18632,63.65262,35855120.0,656547501.0,3.558
2016-08-03,002387,62.4429,63.65262,63.65262,60.486,13044538.0,232043801.0,3.558
2016-05-24,002387,59.0628,59.0628,57.85308,57.35496,3708108.0,60470026.0,3.558
2016-05-23,002387,57.88866,59.20512,58.81374,57.88866,5468153.0,90375513.0,3.558
2016-05-20,002387,57.6396,58.77816,58.06656,56.53662,4655927.0,75770735.0,3.558
2016-05-19,002387,56.5722,59.7744,57.8175,56.5722,7066441.0,115765601.0,3.558
2016-05-18,002387,57.6396,57.6396,56.53662,55.8606,6917189.0,110233356.0,3.558
2016-05-17,002387,59.7744,59.9523,58.81374,58.42236,6468382.0,107456407.0,3.558
2016-05-16,002387,59.2407,59.98788,59.9523,58.3512,5650543.0,94439969.0,3.558
2016-05-13,002387,57.67518,60.16578,59.34744,57.67518,5929392.0,98488400.0,3.558
2016-05-12,002387,57.56844,58.67142,58.56468,55.78944,7047643.0,113592373.0,3.558
2016-05-11,002387,59.4186,60.73506,58.81374,58.707,8727405.0,146477187.0,3.558
2016-05-10,002387,56.46546,61.09086,59.66766,56.25198,11849648.0,197003728.0,3.558
2016-05-09,002387,59.88114,59.9523,56.99916,56.10966,12251981.0,198482416.0,3.558
2016-05-06,002387,64.15074,64.61328,61.5534,61.26876,16526988.0,291687936.0,3.558
2016-05-05,002387,63.6882,66.28554,64.79118,63.61704,11193984.0,205117360.0,3.558
2016-05-04,002387,64.79118,65.85858,64.3998,63.83052,13992243.0,254499040.0,3.558
2016-05-03,002387,61.05528,65.71626,65.71626,60.59274,18217816.0,327306464.0,3.558
2016-04-29,002387,60.20136,61.76688,61.1976,59.84556,7248668.0,124426440.0,3.558
2016-04-28,002387,61.9092,62.05152,60.73506,59.13396,11555872.0,196660768.0,3.558
2016-04-27,002387,62.4429,63.26124,62.265,61.0197,14462913.0,252964800.0,3.558
2016-04-26,002387,59.91672,63.3324,62.40732,59.91672,16359785.0,284895392.0,3.558
2016-04-25,002387,59.0628,61.05528,59.98788,57.8175,12553201.0,212369920.0,3.558
2016-04-22,002387,56.28756,59.2407,59.2407,55.8606,9151276.0,148347808.0,3.558
2016-04-21,002387,56.5722,59.5965,57.39054,56.5722,12365460.0,201461328.0,3.558
2016-04-20,002387,60.23694,60.94854,56.46546,55.149,12901478.0,208632176.0,3.558
2016-04-19,002387,60.41484,61.12644,60.23694,58.707,9117707.0,152935360.0,3.558
2016-04-18,002387,63.08334,63.19008,60.6639,60.486,12692548.0,218078144.0,3.558
2016-04-15,002387,60.55716,66.1788,63.19008,60.09462,20797162.0,369518016.0,3.558
2016-04-14,002387,59.48976,60.8418,60.55716,59.48976,11199500.0,189697216.0,3.558
2016-04-13,002387,59.0628,61.62456,60.02346,58.707,14341925.0,242445376.0,3.558
2016-04-12,002387,57.9954,61.48224,59.2407,57.6396,15254895.0,255078384.0,3.558
2016-04-11,002387,59.13396,60.45042,58.63584,58.10214,14137067.0,235031488.0,3.558
2016-04-08,002387,60.69948,60.73506,58.10214,57.03474,18953850.0,311267872.0,3.558
2016-04-07,002387,60.34368,61.83804,61.0197,59.45418,23160680.0,395021504.0,3.558
2016-04-06,002387,59.66766,64.68444,60.3081,57.6396,38560600.0,655115008.0,3.558
2016-04-05,002387,54.0816,59.38302,59.38302,53.97486,39056104.0,635263168.0,3.558
2016-04-01,002387,48.42438,53.97486,53.97486,47.8551,16868482.0,244716096.0,3.558
2016-03-31,002387,48.31764,50.41686,49.06482,48.31764,9259025.0,128649256.0,3.558
2016-03-30,002387,46.89444,48.45996,48.31764,46.89444,5821193.0,77928576.0,3.558
2016-03-29,002387,47.78394,48.033,46.64538,46.11168,6817468.0,89756504.0,3.558
2016-03-28,002387,48.53112,49.74084,48.10416,47.6772,9284012.0,127227552.0,3.558
2016-03-25,002387,47.1435,48.31764,48.033,47.1435,4991083.0,66980604.0,3.558
2016-03-24,002387,47.8551,48.3888,47.6772,47.3214,7940437.0,106715848.0,3.558
2016-03-23,002387,47.78394,49.1004,48.78018,47.57046,7417079.0,100944592.0,3.558
2016-03-22,002387,47.6772,48.63786,47.78394,47.25024,7316670.0,98703896.0,3.558
2016-03-21,002387,47.96184,49.42062,48.28206,47.60604,10104594.0,137172624.0,3.558
2016-03-18,002387,45.47124,48.28206,47.28582,45.43566,10135658.0,133763368.0,3.558
2016-03-17,002387,43.9413,46.0761,45.40008,43.9413,7872681.0,99932384.0,3.558
2016-03-16,002387,45.5424,45.82704,43.9413,43.7634,5352415.0,67077932.0,3.558
2016-03-15,002387,44.58174,45.61356,44.75964,44.36826,6014713.0,75841696.0,3.558
2016-03-14,002387,45.8982,46.18284,45.0087,43.65666,6859088.0,86928288.0,3.558
2016-03-11,002387,43.72782,44.15478,43.4076,42.80274,4570418.0,55800728.0,3.558
2016-03-10,002387,45.0087,45.47124,43.97688,43.72782,6410102.0,80140432.0,3.558
2016-03-09,002387,43.65666,46.93002,45.07986,43.2297,11323940.0,144505968.0,3.558
2016-03-08,002387,44.6529,45.47124,44.79522,42.98064,9811833.0,122196904.0,3.558
2016-03-07,002387,41.9844,45.47124,45.47124,41.9844,13609022.0,171574368.0,3.558
2016-03-04,002387,42.98064,43.0518,41.34396,39.45822,5603870.0,65782352.0,3.558
2016-03-03,002387,43.0518,44.2971,43.15854,43.0518,7333408.0,90060648.0,3.558
2016-03-02,002387,40.917,43.47876,43.15854,40.13424,7490745.0,88856480.0,3.558
2016-03-01,002387,40.31214,41.55744,41.13048,39.24474,6270877.0,71165320.0,3.558
2016-02-29,002387,43.47876,44.51058,39.8496,39.6717,8291391.0,94603768.0,3.558
2016-02-26,002387,45.5424,45.93378,44.08362,42.76716,8384727.0,104464992.0,3.558
2016-02-25,002387,50.3457,51.2352,45.07986,45.07986,12863944.0,174346368.0,3.558
2016-02-24,002387,50.1678,50.55918,50.09664,48.67344,5931320.0,82760152.0,3.558
2016-02-23,002387,51.19962,51.19962,50.23896,49.52736,5907163.0,83497864.0,3.558
2016-02-22,002387,50.98614,51.51984,51.16404,50.5236,7316684.0,104790360.0,3.558
2016-02-19,002387,51.16404,51.591,50.66592,49.91874,7437369.0,106116784.0,3.558
2016-02-18,002387,50.5236,51.591,51.591,49.88316,12368044.0,176392640.0,3.558
2016-02-17,002387,48.3888,50.3457,49.812,48.10416,8718238.0,121441888.0,3.558
2016-02-16,002387,46.9656,49.02924,48.81576,46.93002,8571483.0,116591680.0,3.558
2016-02-15,002387,44.8308,47.00118,46.4319,44.8308,4492438.0,57759288.0,3.558
2016-02-05,002387,49.1004,49.812,47.53488,47.53488,5948384.0,80953976.0,3.558
2016-02-04,002387,46.82328,47.96184,47.60604,46.75212,6101116.0,81455152.0,3.558
2016-02-03,002387,46.21842,47.03676,46.68096,45.25776,5410735.0,70106104.0,3.558
2016-02-02,002387,46.00494,47.96184,47.17908,45.3645,6392263.0,84273184.0,3.558
2016-02-01,002387,45.3645,46.04052,45.79146,44.1192,5813305.0,74002216.0,3.558
2016-01-29,002387,42.66042,46.18284,45.3645,42.3402,7783576.0,97565776.0,3.558
2016-01-28,002387,45.64914,47.28582,42.76716,42.696,7112005.0,90284888.0,3.558
2016-01-27,002387,48.10416,48.7446,46.64538,43.0518,12012729.0,153214800.0,3.558
2016-01-26,002387,51.87564,52.3026,47.64162,47.64162,9818795.0,137121776.0,3.558
2016-01-25,002387,53.83254,54.2595,52.94304,51.66216,6649823.0,99009544.0,3.558
2016-01-22,002387,52.40934,53.47674,52.58724,50.23896,9191370.0,134765760.0,3.558
2016-01-21,002387,53.47674,56.18082,51.51984,51.4131,11984150.0,182917552.0,3.558
2016-01-20,002387,55.3269,57.14148,55.149,54.18834,14701551.0,230526704.0,3.558
2016-01-19,002387,49.9899,55.07784,55.07784,49.812,13655323.0,202333520.0,3.558
2016-01-18,002387,48.3888,51.48426,50.06106,47.17908,11201118.0,157029952.0,3.558
2016-01-15,002387,52.3026,53.9037,49.4562,48.63786,10677818.0,154001840.0,3.558
2016-01-14,002387,50.5236,53.7258,53.22768,47.64162,15580866.0,221918864.0,3.558
2016-01-13,002387,57.95982,57.95982,52.33818,52.33818,10493738.0,164353808.0,3.558
2016-01-12,002387,56.18082,57.9954,57.07032,55.5048,9797808.0,156648000.0,3.558
2016-01-11,002387,56.3943,59.7744,56.18082,55.57596,14920024.0,242281232.0,3.558
2016-01-08,002387,59.4186,59.45418,57.49728,53.37,12853900.0,207250928.0,3.558
2016-01-07,002387,62.12268,62.12268,56.7501,56.5722,4106818.0,67664976.0,3.558
2016-01-06,002387,62.265,63.61704,62.7987,61.05528,12097828.0,211698320.0,3.558
2016-01-05,002387,56.28756,61.83804,61.1976,56.2164,18520326.0,311918816.0,3.558
2016-01-04,002387,64.72002,67.602,59.88114,59.84556,10726059.0,193755216.0,3.558
2015-12-31,002387,69.0252,69.381,66.46344,66.46344,9246128.0,175810928.0,3.558
2015-12-30,002387,68.56266,69.27426,68.95404,66.92598,9427530.0,181195296.0,3.558
2015-12-29,002387,69.30984,69.7368,68.52708,65.2893,17324838.0,327687360.0,3.558
2015-12-28,002387,73.2948,74.50452,69.80796,69.30984,17422772.0,349179360.0,3.558
2015-12-25,002387,73.2948,74.64684,73.01016,72.12066,10974207.0,225049728.0,3.558
2015-12-24,002387,73.04574,74.5401,73.25922,71.12442,16001456.0,326330080.0,3.558
2015-12-23,002387,74.57568,78.48948,73.89966,73.2948,30666632.0,652599232.0,3.558
2015-12-22,002387,71.6937,76.56816,74.96706,71.62254,27568660.0,577125632.0,3.558
2015-12-21,002387,72.4053,74.29104,72.29856,70.66188,23538412.0,478090112.0,3.558
2015-12-18,002387,67.9578,75.10938,73.1169,67.81548,36179056.0,728728320.0,3.558
2015-12-17,002387,68.77614,70.6263,69.09636,67.9578,18842444.0,366751616.0,3.558
2015-12-16,002387,70.9821,71.01768,68.24244,67.9578,18049784.0,352612864.0,3.558
2015-12-15,002387,69.27426,70.91094,70.12818,68.1357,22267358.0,432994944.0,3.558
2015-12-14,002387,65.823,69.16752,68.77614,64.7556,21217676.0,404987552.0,3.558
2015-12-11,002387,66.42786,69.34542,66.1788,64.32864,23260160.0,437273376.0,3.558
2015-12-10,002387,66.7125,67.4241,65.6451,64.3998,20457198.0,377143008.0,3.558
2015-12-09,002387,67.17504,70.0926,66.96156,65.4672,26721900.0,506279520.0,3.558
2015-12-08,002387,71.3379,71.3379,68.06454,67.602,33919380.0,656352192.0,3.558
2015-12-07,002387,68.4915,75.99888,71.65812,68.17128,51442136.0,1042431616.0,3.558
2015-12-04,002387,71.12442,73.4727,69.23868,66.21438,58241712.0,1138186368.0,3.558
2015-12-03,002387,61.16202,67.56642,67.56642,60.55716,44225248.0,822378432.0,3.558
2015-12-02,002387,57.2838,61.41108,61.41108,57.2838,37422268.0,631972416.0,3.558
2015-12-01,002387,55.8606,56.7501,55.82502,54.75762,15383393.0,241695312.0,3.558
2015-11-30,002387,54.86436,56.96358,56.928,51.27078,29352996.0,448505568.0,3.558
2015-11-27,002387,59.7744,59.7744,54.33066,54.29508,27610012.0,442323968.0,3.558
2015-11-26,002387,62.30058,62.9766,60.3081,60.20136,27568100.0,474392832.0,3.558
2015-11-25,002387,62.9766,64.68444,63.01218,61.66014,24647612.0,436583296.0,3.558
2015-11-24,002387,63.6882,66.07206,64.15074,63.04776,26144006.0,474432192.0,3.558
2015-11-23,002387,61.76688,66.81924,64.79118,60.8418,42396684.0,761222976.0,3.558
2015-11-20,002387,60.486,67.17504,63.6882,58.95606,45546976.0,807147584.0,3.558
2015-11-19,002387,62.265,62.72754,61.16202,58.99164,48890384.0,831481472.0,3.558
2015-11-18,002387,55.43364,61.05528,61.05528,55.149,60748432.0,1010166144.0,3.558
2015-11-17,002387,58.95606,60.37926,55.5048,55.18458,48435144.0,784935488.0,3.558
2015-11-16,002387,53.33442,57.95982,56.25198,51.62658,57438136.0,893594112.0,3.558
2015-11-13,002387,56.7501,56.7501,56.7501,53.97486,102820288.0,1626814848.0,3.558
2015-11-12,002387,51.591,51.591,51.591,51.591,1032801.0,14975614.0,3.558
2015-11-11,002387,46.89444,46.89444,46.89444,46.89444,1043835.0,13757745.0,3.558
2015-11-10,002387,42.62484,42.62484,42.62484,42.62484,403931.0,4839094.0,3.558
2015-11-09,002387,38.74662,38.74662,38.74662,38.74662,574361.0,6254792.0,3.558
2015-09-25,002387,34.79724,36.2916,35.2242,33.6231,19709214.0,194907776.0,3.558
2015-09-24,002387,33.9789,35.36652,35.36652,33.90774,11523072.0,112767000.0,3.558
2015-09-23,002387,34.1568,35.08188,34.01448,33.58752,11351684.0,109303616.0,3.558
2015-09-22,002387,34.19238,36.1137,35.29536,33.801,17282752.0,170132224.0,3.558
2015-09-21,002387,32.76918,34.47702,34.22796,31.70178,11084848.0,104296888.0,3.558
2015-09-18,002387,32.87592,33.51636,32.87592,32.09316,9474398.0,87547000.0,3.558
2015-09-17,002387,34.83282,35.4021,32.80476,32.7336,20830174.0,200753744.0,3.558
2015-09-16,002387,31.4883,34.44144,34.44144,31.4883,15176450.0,140985568.0,3.558
2015-09-15,002387,33.19614,33.51636,31.3104,31.09692,16578548.0,149406864.0,3.558
2015-09-14,002387,38.4264,38.9601,34.54818,34.54818,13770628.0,141550832.0,3.558
2015-09-11,002387,38.14176,39.99192,38.39082,37.5369,17632484.0,191927712.0,3.558
2015-09-10,002387,41.30838,41.4507,38.53314,38.0706,28572064.0,319387520.0,3.558
2015-09-09,002387,38.0706,41.59302,41.59302,37.0032,35129344.0,390085440.0,3.558
2015-09-08,002387,35.58,38.63988,37.82154,34.3347,20941992.0,213287952.0,3.558
2015-09-07,002387,35.50884,37.60806,35.9358,35.4021,33017324.0,337150656.0,3.558
2015-09-02,002387,30.243,35.33094,35.33094,29.60256,38461544.0,372926560.0,3.558
2015-09-01,002387,34.40586,34.47702,32.12874,32.09316,22385156.0,208608400.0,3.558
2015-08-31,002387,38.9601,38.9601,35.65116,35.58,25534396.0,267322992.0,3.558
2015-08-28,002387,35.82906,38.7822,38.7822,34.90398,38318400.0,396720512.0,3.558
2015-08-27,002387,36.8253,38.6043,35.25978,33.48078,40128384.0,398914048.0,3.558
2015-08-26,002387,37.1811,42.3402,37.1811,37.1811,43944168.0,474442016.0,3.558
2015-08-25,002387,41.30838,41.30838,41.30838,41.30838,2535000.0,29431350.0,3.558
2015-08-24,002387,47.3214,47.3214,45.8982,45.8982,9104600.0,118005672.0,3.558
2015-08-21,002387,54.11718,55.6827,50.98614,50.98614,34337076.0,505640736.0,3.558
2015-08-20,002387,55.8606,60.55716,56.64336,55.64712,67158608.0,1097273984.0,3.558
2015-08-19,002387,49.812,55.64712,55.64712,47.3214,87859720.0,1307044608.0,3.558
2015-08-18,002387,50.59476,50.59476,50.59476,50.59476,4802038.0,68284984.0,3.558
2015-08-17,002387,46.00494,46.00494,46.00494,46.00494,135949.0,1757821.0,3.558
2015-08-14,002387,41.8065,41.8065,41.8065,41.8065,275521.0,3237372.0,3.558
2015-07-06,002387,45.82704,45.82704,37.99944,37.99944,20973480.0,240087264.0,3.558
2015-07-03,002387,43.26528,46.93002,42.23346,42.23346,19386664.0,235387600.0,3.558
2015-07-02,002387,52.3026,52.94304,46.93002,46.93002,18916972.0,261052176.0,3.558
2015-07-01,002387,53.33442,57.21264,52.1247,50.8794,26539760.0,411204928.0,3.558
2015-06-30,002387,51.2352,55.3269,54.72204,46.39632,27451808.0,390399776.0,3.558
2015-06-29,002387,56.18082,56.18082,51.55542,49.1004,24567272.0,361784384.0,3.558
2015-06-26,002387,59.27628,59.27628,54.47298,54.47298,17195170.0,269987136.0,3.558
2015-06-25,002387,65.75184,66.03648,60.52158,58.95606,16245705.0,290537344.0,3.558
2015-06-24,002387,63.97284,66.3567,65.50278,62.9766,15977239.0,291796128.0,3.558
2015-06-23,002387,65.14698,66.8904,63.83052,59.70324,15689894.0,278126720.0,3.558
2015-06-19,002387,71.16,71.16,66.21438,66.21438,12690930.0,244467968.0,3.558
2015-06-18,002387,77.84904,77.84904,73.57944,73.15248,11302398.0,239832320.0,3.558
2015-06-17,002387,79.5213,79.6992,77.81346,72.44088,16226974.0,345252704.0,3.558
2015-06-16,002387,83.9688,84.00438,78.8097,78.48948,14976316.0,338401824.0,3.558
2015-06-15,002387,85.28526,88.38072,84.3246,84.18228,21240964.0,512571712.0,3.558
2015-06-12,002387,84.96504,85.32084,83.75532,83.64858,16186209.0,383050304.0,3.558
2015-06-11,002387,84.60924,86.03244,84.53808,83.64858,15798768.0,376223520.0,3.558
2015-06-10,002387,81.834,88.95,85.35642,79.37898,30656336.0,716624576.0,3.558
2015-06-09,002387,80.055,85.00062,82.75908,80.055,31552528.0,734659264.0,3.558
2015-06-08,002387,91.36944,94.18026,88.95,88.73652,27028776.0,690039616.0,3.558
2015-06-05,002387,90.9069,93.32634,90.69342,89.4837,25669372.0,658131520.0,3.558
2015-06-04,002387,91.7964,92.93496,90.58668,85.392,23139320.0,586067584.0,3.558
2015-06-03,002387,88.2384,94.6428,94.50048,87.5268,31515342.0,803413184.0,3.558
2015-06-02,002387,87.98934,90.3732,88.52304,86.9931,22881600.0,568926208.0,3.558
2015-06-01,002387,86.4594,88.91442,88.70094,85.392,23669064.0,583566336.0,3.558
2015-05-29,002387,89.1279,92.3301,86.74404,82.9014,24304478.0,596185408.0,3.558
2015-05-28,002387,95.7102,99.58842,89.16348,88.95,29960452.0,800428224.0,3.558
2015-05-27,002387,93.3975,98.5566,95.8881,90.76458,32675224.0,862593472.0,3.558
2015-05-26,002387,86.03244,94.8207,94.8207,83.9688,42165280.0,1064978432.0,3.558
2015-05-25,002387,84.60924,87.06426,86.21034,83.54184,25429308.0,610284928.0,3.558
2015-05-22,002387,89.8395,93.89562,87.91818,85.392,31949672.0,801220224.0,3.558
2015-05-21,002387,92.8638,92.93496,91.40502,89.44812,27806554.0,711627200.0,3.558
2015-05-20,002387,89.3058,94.67838,92.8638,88.98558,27863272.0,722895040.0,3.558
2015-05-19,002387,86.04359,91.73399,89.36299,81.11191,16043399.0,585243776.0,2.371
2015-05-18,002387,77.67396,83.67259,83.67259,77.08121,15488490.0,530305952.0,2.371
2015-05-15,002387,74.47311,80.35319,77.67396,73.00309,19699512.0,637514368.0,2.371
2015-05-14,002387,79.45221,84.26534,76.20394,75.89571,25999996.0,882352576.0,2.371
2015-05-13,002387,71.10629,77.15234,77.15234,70.20531,11689770.0,369039104.0,2.371
2015-05-12,002387,67.47866,70.13418,70.13418,66.03235,18456068.0,532589888.0,2.371
2015-05-11,002387,68.09512,68.94868,67.5735,65.46331,21755292.0,614435648.0,2.371
2015-05-08,002387,62.38101,66.388,66.22203,61.38519,18392940.0,501676576.0,2.371
2015-05-07,002387,58.82451,63.49538,61.33777,58.0895,17401216.0,452168800.0,2.371
2015-05-06,002387,58.0895,61.52745,59.67807,56.92771,18205822.0,455934816.0,2.371
2015-05-05,002387,59.25129,61.57487,58.0895,57.25965,27695378.0,697614848.0,2.371
2015-05-04,002387,52.162,55.9556,55.9556,52.162,11705910.0,267781344.0,2.371
2015-04-30,002387,50.5023,51.83006,50.85795,50.5023,12997892.0,280937344.0,2.371
2015-04-29,002387,47.6571,50.38375,49.15083,47.01693,8058645.0,166584256.0,2.371
2015-04-28,002387,49.45906,49.45906,47.82307,47.23032,8929065.0,181348896.0,2.371
2015-04-27,002387,49.50648,50.38375,49.45906,48.98486,12166325.0,254064720.0,2.371
2015-04-24,002387,50.62085,51.83006,50.43117,49.67245,13066572.0,278348544.0,2.371
2015-04-23,002387,51.6878,52.6362,52.11458,51.23731,15482825.0,340047872.0,2.371
2015-04-22,002387,49.10341,51.14247,50.78682,49.10341,14094535.0,300185728.0,2.371
2015-04-21,002387,46.85096,49.3168,49.0797,46.82725,12382333.0,253834288.0,2.371
2015-04-20,002387,48.27356,48.27356,47.13548,46.63757,10737349.0,214111504.0,2.371
2015-04-17,002387,48.93744,50.14665,48.32098,48.01275,11282928.0,232913904.0,2.371
2015-04-16,002387,45.54691,49.90955,48.74776,45.5232,12528886.0,254601712.0,2.371
2015-04-15,002387,48.24985,48.24985,46.2345,45.54691,11535896.0,226770960.0,2.371
2015-04-14,002387,49.76729,50.38375,48.3684,48.1313,13648016.0,281673344.0,2.371
2015-04-13,002387,48.72405,49.74358,49.00857,48.72405,15125998.0,314107904.0,2.371
2015-04-10,002387,47.15919,48.3684,48.1313,46.66128,9241550.0,186458688.0,2.371
2015-04-09,002387,48.41582,48.81889,47.32516,45.07271,12494580.0,247642464.0,2.371
2015-04-08,002387,50.90537,51.37957,48.34469,47.96533,18981488.0,391454080.0,2.371
2015-04-07,002387,51.64038,51.6878,50.64456,50.07552,15614914.0,333443072.0,2.371
2015-04-03,002387,51.33215,51.87748,51.61667,50.28891,10724144.0,231983392.0,2.371
2015-04-02,002387,49.76729,51.99603,51.33215,49.69616,14399279.0,309420192.0,2.371
2015-04-01,002387,48.77147,50.38375,49.57761,48.6055,9232125.0,192124416.0,2.371
2015-03-31,002387,48.46324,50.45488,48.79518,47.68081,12464341.0,257965440.0,2.371
2015-03-30,002387,49.0797,49.791,48.46324,47.46742,10366271.0,212563856.0,2.371
2015-03-27,002387,48.1313,49.29309,48.62921,47.46742,9533838.0,195719872.0,2.371
2015-03-26,002387,50.5023,50.64456,48.55808,47.60968,19218688.0,397172256.0,2.371
2015-03-25,002387,47.6571,51.37957,50.14665,46.56644,20366824.0,425896288.0,2.371
2015-03-24,002387,44.45625,48.86631,47.6571,44.45625,29286378.0,576987776.0,2.371
2015-03-23,002387,41.91928,44.43254,44.43254,41.84815,32007664.0,581841216.0,2.371
2015-03-20,002387,41.39766,41.80073,41.80073,37.936,18290516.0,318735872.0,2.371
2015-03-19,002387,41.9667,42.18009,41.37395,40.75749,13977972.0,244944880.0,2.371
2015-03-18,002387,41.70589,42.15638,42.15638,41.23169,9380964.0,164755408.0,2.371
2015-03-17,002387,41.58734,42.65429,41.70589,41.08943,12583686.0,220997200.0,2.371
2015-03-16,002387,41.75331,42.27493,41.84815,40.80491,10712932.0,188136480.0,2.371
2015-03-13,002387,39.80909,41.53992,41.37395,39.71425,5719167.0,98506232.0,2.371
2015-03-12,002387,40.7812,41.0183,39.8328,39.3586,4407696.0,74312752.0,2.371
2015-03-11,002387,41.4925,41.4925,40.87604,40.42555,3656578.0,63008112.0,2.371
2015-03-10,002387,41.65847,42.25122,41.56363,41.44508,3489871.0,61546152.0,2.371
2015-03-09,002387,40.80491,41.7296,41.7296,40.7812,4606114.0,80250072.0,2.371
2015-03-06,002387,41.32653,41.44508,41.23169,40.59152,3131844.0,54225612.0,2.371
2015-03-05,002387,41.2554,42.63058,41.39766,40.7812,6385863.0,111752168.0,2.371
2015-03-04,002387,41.0183,41.44508,41.32653,40.02248,6394103.0,110214672.0,2.371
2015-03-03,002387,43.03365,43.03365,41.39766,40.28329,13354026.0,233542992.0,2.371
2015-03-02,002387,43.10478,43.8635,43.19962,41.91928,9217725.0,166875120.0,2.371
2015-02-27,002387,41.30282,43.3893,43.12849,41.16056,8273729.0,147863952.0,2.371
2015-02-26,002387,41.35024,41.99041,41.39766,41.0183,4091357.0,71485640.0,2.371
2015-02-25,002387,41.84815,42.27493,41.44508,41.18427,2368672.0,41576292.0,2.371
2015-02-17,002387,41.4925,41.99041,41.99041,40.37813,6451005.0,112121848.0,2.371
2015-02-16,002387,41.4925,42.41719,41.56363,41.44508,8701686.0,153892336.0,2.371
2015-02-13,002387,41.4925,41.89557,41.56363,40.33071,7499129.0,130941520.0,2.371
2015-02-12,002387,39.47715,42.08525,41.87186,39.47715,9709654.0,167777808.0,2.371
2015-02-11,002387,39.3586,39.90393,39.5957,39.02666,3192147.0,53356120.0,2.371
2015-02-10,002387,39.33489,39.80909,39.50086,38.95553,1570628.0,26146088.0,2.371
2015-02-09,002387,39.45344,39.8328,39.45344,37.936,2820358.0,46409456.0,2.371
2015-02-06,002387,39.5957,40.307,39.71425,38.8844,4472585.0,75025272.0,2.371
2015-02-05,002387,39.40602,39.88022,39.69054,39.24005,2631586.0,43979384.0,2.371
2015-02-04,002387,40.0699,40.21216,39.64312,38.6473,3628320.0,60225732.0,2.371
2015-02-03,002387,39.66683,40.7812,39.92764,39.54828,3056888.0,51842536.0,2.371
2015-02-02,002387,39.64312,40.14103,39.64312,39.02666,2389994.0,39968732.0,2.371
2015-01-30,002387,39.85651,40.5441,39.92764,39.47715,3214810.0,54176868.0,2.371
2015-01-29,002387,39.50086,40.307,39.80909,39.14521,2770628.0,46671604.0,2.371
2015-01-28,002387,40.33071,40.80491,40.11732,39.47715,4045315.0,68423000.0,2.371
2015-01-27,002387,41.0183,41.08943,40.80491,39.40602,6741214.0,114717616.0,2.371
2015-01-26,002387,39.5957,40.5441,40.04619,39.40602,5370365.0,90789608.0,2.371
2015-01-23,002387,39.1215,40.25958,39.64312,38.69472,5849625.0,97756872.0,2.371
2015-01-22,002387,37.88858,39.73796,39.21634,37.53293,6849277.0,110873208.0,2.371
2015-01-21,002387,37.60406,38.12568,37.88858,37.24841,3745442.0,59658112.0,2.371
2015-01-20,002387,37.2247,37.6989,37.62777,37.01131,5096588.0,80457720.0,2.371
2015-01-19,002387,37.36696,38.07826,37.2247,36.46598,3742405.0,58876400.0,2.371
2015-01-16,002387,37.39067,38.4102,38.31536,37.17728,5364657.0,85794304.0,2.371
2015-01-15,002387,36.48969,37.81745,37.65148,35.565,5866069.0,91905664.0,2.371
2015-01-14,002387,36.9876,36.9876,36.65566,36.20517,1139894.0,17562644.0,2.371
2015-01-13,002387,36.15775,36.9876,36.86905,35.8021,1653212.0,25364240.0,2.371
2015-01-12,002387,36.79792,36.79792,36.15775,35.92065,926975.0,14166911.0,2.371
2015-01-09,002387,35.77839,36.91647,36.79792,35.565,4140183.0,64048144.0,2.371
2015-01-08,002387,36.32372,36.32372,35.8021,35.61242,1691750.0,25528990.0,2.371
2015-01-07,002387,37.08244,37.24841,36.48969,35.99178,2141778.0,32996680.0,2.371
2015-01-06,002387,35.92065,37.34325,37.08244,35.92065,3468117.0,53848112.0,2.371
2015-01-05,002387,35.94436,36.0392,35.54129,35.18564,2249356.0,33619628.0,2.371
2014-12-31,002387,35.84952,36.22888,35.94436,35.565,1576579.0,23775414.0,2.371
2014-12-30,002387,36.9876,36.9876,36.32372,35.82581,1390729.0,21294684.0,2.371
2014-12-29,002387,37.39067,37.81745,37.2247,35.92065,2786135.0,42973080.0,2.371
2014-12-26,002387,37.50922,38.55246,37.4618,36.77421,1990771.0,31306850.0,2.371
2014-12-25,002387,37.10615,37.88858,37.4618,36.7505,2316637.0,36504104.0,2.371
2014-12-24,002387,35.565,36.7505,36.7505,34.64031,1972837.0,29895990.0,2.371
2014-12-23,002387,35.44645,36.2763,35.565,34.6166,3238947.0,48564480.0,2.371
2014-12-22,002387,37.4618,37.88858,35.42274,35.35161,5019164.0,76611040.0,2.371
2014-12-19,002387,38.33907,39.26376,37.936,37.15357,5358775.0,85675984.0,2.371
2014-12-18,002387,40.11732,40.11732,38.31536,38.29165,5376795.0,88374704.0,2.371
2014-12-17,002387,40.89975,41.37395,40.28329,39.50086,4247881.0,72154240.0,2.371
2014-12-16,002387,41.2554,42.29864,41.46879,40.66265,5410978.0,94323800.0,2.371
2014-12-15,002387,38.43391,41.84815,41.37395,38.4102,9336556.0,159812080.0,2.371
2014-12-12,002387,38.29165,38.78956,38.31536,37.74632,3371121.0,54257188.0,2.371
2014-12-11,002387,38.10197,38.6473,38.1731,37.6989,1964115.0,31527662.0,2.371
2014-12-10,002387,36.96389,38.33907,38.1731,36.56082,3997081.0,63458088.0,2.371
2014-12-09,002387,37.98342,38.00713,36.9876,36.25259,4964060.0,77026712.0,2.371
2014-12-08,002387,38.69472,39.1215,38.24423,37.55664,7040947.0,113104952.0,2.371
2014-12-05,002387,40.307,40.7812,39.1215,38.29165,8676977.0,143006064.0,2.371
2014-12-04,002387,40.307,40.66265,40.25958,39.85651,3967627.0,67421576.0,2.371
2014-12-03,002387,40.59152,40.89975,40.307,39.07408,6537044.0,109827120.0,2.371
2014-12-02,002387,41.27911,41.56363,40.66265,40.66265,3959786.0,68324880.0,2.371
2014-12-01,002387,41.61105,42.60687,41.65847,40.63894,4136653.0,72067296.0,2.371
2014-11-28,002387,41.68218,42.08525,41.68218,40.99459,4531033.0,79177800.0,2.371
2014-11-27,002387,40.5441,42.32235,41.68218,40.307,6680408.0,117239896.0,2.371
2014-11-26,002387,39.71425,40.61523,40.5441,39.09779,4084564.0,68481680.0,2.371
2014-11-25,002387,39.33489,40.25958,39.69054,38.93182,4762951.0,79106480.0,2.371
2014-11-24,002387,38.19681,39.3586,39.33489,38.14939,7809046.0,127871280.0,2.371
2014-11-21,002387,38.14939,38.57617,38.07826,37.84116,3178140.0,51121376.0,2.371
2014-11-20,002387,36.94018,38.6473,38.14939,36.91647,5456973.0,87269752.0,2.371
2014-11-19,002387,37.6989,39.26376,37.36696,37.27212,8610550.0,138604096.0,2.371
2014-11-18,002387,36.67937,37.936,37.6989,36.48969,4994452.0,78612448.0,2.371
2014-11-17,002387,36.91647,36.91647,36.67937,36.34743,2817061.0,43633140.0,2.371
2014-11-14,002387,35.565,36.89276,36.65566,35.565,4243334.0,65218808.0,2.371
2014-11-13,002387,35.565,35.68355,35.565,34.87741,2430505.0,36239452.0,2.371
2014-11-12,002387,34.80628,35.73097,35.565,34.80628,2704984.0,40238752.0,2.371
2014-11-11,002387,36.01549,36.0392,35.01967,34.68773,6613234.0,98174544.0,2.371
2014-11-10,002387,36.0392,36.56082,36.01549,35.92065,3266501.0,49803044.0,2.371
2014-11-07,002387,36.7505,36.86905,36.0392,35.8021,2531394.0,38865472.0,2.371
2014-11-06,002387,35.99178,36.86905,36.7505,35.8021,4400806.0,67203560.0,2.371
2014-11-05,002387,36.11033,36.15775,35.96807,35.84952,2818488.0,42827724.0,2.371
2014-11-04,002387,36.11033,36.13404,36.11033,35.8021,4376868.0,66327652.0,2.371
2014-11-03,002387,36.06291,36.25259,36.15775,36.0392,3646899.0,55576508.0,2.371
2014-10-31,002387,36.25259,36.30001,36.06291,35.82581,4241241.0,64449584.0,2.371
2014-10-30,002387,36.13404,36.30001,36.18146,35.63613,4838472.0,73410472.0,2.371
2014-10-29,002387,36.2763,36.37114,36.15775,35.87323,4656483.0,70824936.0,2.371
2014-10-28,002387,35.565,36.13404,36.0392,35.565,6753759.0,102394488.0,2.371
2014-10-27,002387,35.0908,35.8021,35.565,34.75886,2966446.0,44212972.0,2.371
2014-10-24,002387,35.20935,35.28048,35.18564,34.90112,1721722.0,25511098.0,2.371
2014-10-23,002387,35.06709,35.42274,35.13822,34.56918,2447067.0,36088908.0,2.371
2014-10-22,002387,34.75886,35.18564,35.16193,34.59289,2711542.0,40021060.0,2.371
2014-10-21,002387,34.92483,35.28048,34.73515,34.73515,2415126.0,35661676.0,2.371
2014-10-20,002387,34.80628,35.44645,34.92483,34.64031,2333696.0,34365708.0,2.371
2014-10-17,002387,35.13822,35.44645,34.82999,34.42692,3166780.0,46554760.0,2.371
2014-10-16,002387,35.47016,35.8021,35.28048,34.94854,3826099.0,57248980.0,2.371
2014-10-15,002387,35.42274,35.68355,35.51758,34.92483,4060634.0,60538064.0,2.371
2014-10-14,002387,35.35161,35.70726,35.44645,35.0908,4122378.0,61463108.0,2.371
2014-10-13,002387,35.77839,35.84952,35.44645,35.20935,4213357.0,62979660.0,2.371
2014-10-10,002387,35.70726,35.75468,35.75468,35.20935,4489931.0,67206680.0,2.371
2014-10-09,002387,35.06709,35.8021,35.565,35.06709,6790179.0,101739360.0,2.371
2014-10-08,002387,34.99596,35.16193,35.06709,34.80628,4941890.0,72862704.0,2.371
2014-09-30,002387,35.04338,35.0908,34.8537,34.73515,2739165.0,40252992.0,2.371
2014-09-29,002387,34.6166,35.16193,34.92483,34.52176,3221409.0,47425176.0,2.371
2014-09-26,002387,34.52176,34.99596,34.64031,33.9053,3868074.0,56227344.0,2.371
2014-09-25,002387,35.0908,35.44645,34.54547,34.47434,6166291.0,90798144.0,2.371
2014-09-24,002387,35.68355,35.92065,35.23306,34.99596,7224574.0,107514528.0,2.371
2014-09-23,002387,36.15775,36.53711,35.87323,35.68355,6670958.0,101455336.0,2.371
2014-09-22,002387,36.0392,37.17728,36.5134,35.73097,5637107.0,86729624.0,2.371
2014-09-19,002387,35.92065,38.29165,36.44227,35.92065,10440883.0,161888368.0,2.371
2014-09-18,002387,34.73515,35.28048,34.80628,34.73515,1679632.0,24773438.0,2.371
2014-09-17,002387,34.66402,35.04338,35.01967,34.07127,3123899.0,45690896.0,2.371
2014-09-16,002387,35.565,35.89694,34.28466,34.23724,6513514.0,96660280.0,2.371
2014-09-15,002387,36.5134,36.89276,35.89694,35.44645,7424635.0,112426064.0,2.371
2014-09-12,002387,36.20517,36.60824,36.5134,35.84952,5149718.0,78794976.0,2.371
2014-09-11,002387,36.0392,38.00713,36.20517,35.70726,7811355.0,120625280.0,2.371
2014-09-10,002387,35.75468,36.2763,36.15775,35.20935,6964960.0,104870752.0,2.371
2014-09-09,002387,37.81745,37.91229,35.84952,35.28048,9975642.0,151907344.0,2.371
2014-09-05,002387,36.63195,37.62777,37.10615,36.08662,5646889.0,87596496.0,2.371
2014-09-04,002387,36.15775,36.94018,36.77421,36.06291,7479132.0,115771568.0,2.371
2014-09-03,002387,36.0392,36.65566,36.34743,35.68355,4241533.0,64584660.0,2.371
2014-09-02,002387,35.99178,36.20517,36.15775,35.61242,4259486.0,64451576.0,2.371
2014-09-01,002387,35.20935,36.7505,36.11033,35.06709,7411927.0,112583128.0,2.371
2014-08-29,002387,34.8537,35.49387,35.20935,34.80628,3759664.0,55647256.0,2.371
2014-08-28,002387,34.33208,35.49387,35.04338,34.21353,6600143.0,97402176.0,2.371
2014-08-27,002387,34.3795,34.6166,34.45063,33.97643,3812098.0,55105480.0,2.371
2014-08-26,002387,34.11869,34.54547,34.3795,33.78675,6783546.0,97944024.0,2.371
2014-08-25,002387,33.59707,34.52176,34.35579,33.59707,5920146.0,85578432.0,2.371
2014-08-22,002387,33.54965,33.95272,33.73933,33.47852,2233226.0,31712174.0,2.371
2014-08-21,002387,34.11869,34.47434,33.73933,33.52594,2663718.0,38014856.0,2.371
2014-08-20,002387,34.35579,34.66402,34.33208,33.92901,3274998.0,47289568.0,2.371
2014-08-19,002387,34.42692,34.78257,34.47434,33.83417,3477699.0,50312196.0,2.371
2014-08-18,002387,35.3279,35.3279,34.54547,34.26095,3974991.0,58021488.0,2.371
2014-08-15,002387,34.26095,34.97225,34.8537,34.18982,2504174.0,36697696.0,2.371
2014-08-14,002387,34.59289,34.87741,34.54547,34.1424,2063088.0,29978552.0,2.371
2014-08-13,002387,34.1424,34.75886,34.73515,33.9053,2573171.0,37449756.0,2.371
2014-08-12,002387,35.06709,35.3279,34.40321,34.35579,4054302.0,59112480.0,2.371
2014-08-11,002387,33.95272,35.20935,35.06709,33.78675,4495973.0,66243368.0,2.371
2014-08-08,002387,34.18982,34.80628,34.21353,33.62078,4823314.0,68992080.0,2.371
2014-08-07,002387,34.3795,35.47016,34.49805,34.1424,6371163.0,93085336.0,2.371
2014-08-06,002387,33.31255,35.23306,34.82999,33.31255,7398751.0,108076736.0,2.371
2014-08-05,002387,32.69609,33.64449,33.59707,32.69609,7124770.0,99947704.0,2.371
2014-08-04,002387,31.88995,32.64867,32.55383,31.72398,4742602.0,64532492.0,2.371
2014-08-01,002387,31.62914,32.12705,31.72398,31.58172,2571093.0,34441776.0,2.371
2014-07-31,002387,31.93737,32.19818,32.12705,31.7714,3395961.0,45798228.0,2.371
2014-07-30,002387,31.81882,31.98479,31.79511,31.48688,2808493.0,37578816.0,2.371
2014-07-29,002387,30.49106,31.93737,31.81882,30.49106,5745527.0,76332176.0,2.371
2014-07-28,002387,30.13541,30.77558,30.63332,29.8746,3531255.0,45385388.0,2.371
2014-07-25,002387,30.3488,30.51477,30.27767,30.1117,1756139.0,22394574.0,2.371
2014-07-24,002387,30.37251,30.5859,30.44364,30.01686,3408429.0,43470636.0,2.371
2014-07-23,002387,30.5859,30.70445,30.51477,30.20654,2619934.0,33576008.0,2.371
2014-07-22,002387,30.32509,30.77558,30.70445,30.18283,2659540.0,34175056.0,2.371
2014-07-21,002387,30.41993,30.823,30.46735,30.3488,2740717.0,35333484.0,2.371
2014-07-18,002387,30.37251,30.72816,30.39622,30.06428,1815115.0,23259214.0,2.371
2014-07-17,002387,30.20654,30.68074,30.51477,30.1117,2348703.0,30074876.0,2.371
2014-07-16,002387,30.96526,31.15494,30.56219,30.27767,3525565.0,45466512.0,2.371
2014-07-15,002387,31.0601,31.2972,30.96526,30.63332,4242451.0,55443460.0,2.371
2014-07-14,002387,29.6375,31.03639,30.98897,29.44782,5879073.0,75181120.0,2.371
2014-07-11,002387,29.4004,29.75605,29.6375,29.06846,4123920.0,51276412.0,2.371
2014-07-10,002387,28.452,29.73234,29.42411,28.452,5398623.0,66685076.0,2.371
2014-07-09,002387,29.75605,29.80347,28.61797,28.61797,8227183.0,100812360.0,2.371
2014-07-08,002387,30.06428,30.23025,29.85089,29.28185,7927900.0,99560928.0,2.371
2014-07-07,002387,31.284,31.284,30.0753,29.9331,6525987.0,83973264.0,2.37
2014-07-04,002387,31.758,32.0424,31.284,31.0944,5385199.0,71534848.0,2.37
2014-07-03,002387,31.7343,31.8054,31.7343,31.3077,3366807.0,44820772.0,2.37
2014-07-02,002387,31.4736,31.8528,31.7106,31.0944,3658273.0,48694012.0,2.37
2014-07-01,002387,31.1655,31.6158,31.4262,31.0707,3261189.0,43148000.0,2.37
2014-06-30,002387,31.758,31.758,31.1418,30.7863,5720493.0,75418624.0,2.37
2014-06-27,002387,32.1846,32.706,31.6395,31.6158,4884471.0,65891512.0,2.37
2014-06-26,002387,31.6632,33.6303,32.3268,31.6632,10943814.0,150664544.0,2.37
2014-06-25,002387,31.9002,32.0661,32.0661,30.8574,5816497.0,77468416.0,2.37
2014-06-24,002387,31.284,32.9193,31.9002,31.1418,5401447.0,72641976.0,2.37
2014-06-23,002387,31.9002,31.9713,31.4025,31.0707,2979521.0,39405084.0,2.37
2014-06-20,002387,30.4545,31.5684,31.4499,30.3834,5499221.0,72431400.0,2.37
2014-06-19,002387,30.5019,30.9285,30.573,29.8146,6265531.0,79911448.0,2.37
2014-06-18,002387,30.4071,30.7389,30.573,30.2175,5914896.0,75891968.0,2.37
2014-06-17,002387,30.573,30.7863,30.3597,30.099,4378691.0,56168848.0,2.37
2014-06-16,002387,30.5967,31.2603,30.6204,30.4545,4726235.0,61581800.0,2.37
2014-06-13,002387,30.573,31.284,30.9285,29.7435,9315699.0,119574544.0,2.37
2014-06-12,002387,31.758,33.0141,30.8574,30.8574,13875431.0,189152496.0,2.37
2014-06-11,002387,31.047,31.9239,31.7817,31.0233,6133528.0,81853584.0,2.37
2014-06-10,002387,30.9048,31.2129,31.0233,30.5256,3596119.0,46840804.0,2.37
2014-06-09,002387,31.1418,31.3314,30.9996,30.573,5237148.0,68484736.0,2.37
2014-06-06,002387,30.1701,31.284,30.9048,30.0516,5271493.0,68233600.0,2.37
2014-06-05,002387,29.862,30.5493,30.2175,29.8383,3491729.0,44576792.0,2.37
2014-06-04,002387,30.099,30.336,30.1938,29.5302,5464452.0,68747024.0,2.37
2014-06-03,002387,31.521,32.0424,30.3834,30.1464,11164759.0,146635600.0,2.37
2014-05-30,002387,31.6395,31.9239,31.6632,30.8337,6561966.0,87075032.0,2.37
2014-05-29,002387,30.81,32.2083,31.8765,30.7152,13693651.0,182818128.0,2.37
2014-05-28,002387,29.9331,31.3551,31.1418,29.5302,12527478.0,163139632.0,2.37
2014-05-27,002387,30.336,30.3834,30.0753,29.7909,6433168.0,81461368.0,2.37
2014-05-26,002387,30.1701,30.81,30.2412,29.9094,6555617.0,83477416.0,2.37
2014-05-23,002387,30.1227,30.7389,30.4782,29.7672,5840081.0,74604712.0,2.37
2014-05-22,002387,30.7863,30.9048,30.2649,30.099,8819923.0,113198344.0,2.37
2014-05-21,002387,30.099,31.995,30.81,29.8857,15805420.0,207541280.0,2.37
2014-05-20,002387,30.099,30.7152,30.4308,29.7435,9645423.0,123139744.0,2.37
2014-05-19,002387,28.44,30.5256,30.336,27.966,16377590.0,203873248.0,2.37
2014-05-16,002387,28.3926,28.6059,28.44,27.6579,4525583.0,53632912.0,2.37
2014-05-15,002387,27.9897,28.914,28.3689,27.6342,7083895.0,84780064.0,2.37
2014-05-14,002387,27.8475,28.6533,28.1319,27.8475,4809221.0,57306616.0,2.37
2014-05-13,002387,26.9943,28.44,28.3215,26.6151,7803636.0,89944232.0,2.37
2014-05-12,002387,27.1602,27.4446,27.018,26.1174,5568434.0,63364836.0,2.37
2014-05-09,002387,28.1556,28.6059,26.9706,26.5677,8656940.0,99947016.0,2.37
2014-05-08,002387,28.2741,28.8429,27.966,27.4683,7446279.0,88649040.0,2.37
2014-05-07,002387,28.1556,28.3689,27.8238,27.4209,6246131.0,73282752.0,2.37
2014-05-06,002387,28.2978,29.1036,28.6059,27.9897,9768063.0,117307600.0,2.37
2014-05-05,002387,26.7573,28.677,28.677,25.2642,15146201.0,175143152.0,2.37
2014-04-30,002387,27.5631,27.6105,26.8284,26.2596,9727925.0,109816208.0,2.37
2014-04-29,002387,27.2787,28.2267,27.8001,26.8047,10766384.0,125006736.0,2.37
2014-04-28,002387,27.3261,29.2695,28.2741,26.5677,19840980.0,234967552.0,2.37
2014-04-25,002387,25.7619,27.6105,27.255,25.5012,13170297.0,149051984.0,2.37
2014-04-24,002387,25.359,26.0226,25.9515,25.0983,4671887.0,50400900.0,2.37
2014-04-23,002387,25.596,26.0463,25.3827,25.122,4268454.0,45963816.0,2.37
2014-04-22,002387,24.411,25.5723,25.5723,24.3162,7332714.0,77988560.0,2.37
2014-04-21,002387,24.3162,24.648,24.5769,24.3162,3265884.0,33759224.0,2.37
2014-04-18,002387,24.0555,24.4584,24.4347,23.8896,1760047.0,18031044.0,2.37
2014-04-17,002387,24.8376,24.8376,24.174,24.0792,3703347.0,37945944.0,2.37
2014-04-16,002387,24.1029,24.8613,24.7665,24.0555,4660192.0,48474532.0,2.37
2014-04-15,002387,24.0555,24.2925,24.1029,23.8896,2776934.0,28152170.0,2.37
2014-04-14,002387,24.4347,24.4347,24.0555,23.7,2192927.0,22243260.0,2.37
2014-04-11,002387,24.3162,24.5295,24.4347,23.9607,1815357.0,18576920.0,2.37
2014-04-10,002387,24.2451,24.8376,24.5295,24.0555,3346953.0,34711296.0,2.37
2014-04-09,002387,23.7711,24.2925,24.2451,23.6052,3717971.0,37549152.0,2.37
2014-04-08,002387,23.7,24.2451,23.7237,23.5578,4336253.0,43649944.0,2.37
2014-04-04,002387,24.411,24.5295,24.3399,23.7711,3334628.0,34106856.0,2.37
2014-04-03,002387,24.0318,24.9324,24.3636,23.8896,6021484.0,62039204.0,2.37
2014-04-02,002387,23.5578,24.174,24.174,23.5104,4734110.0,47910488.0,2.37
2014-04-01,002387,23.2023,23.6052,23.5815,22.989,4575328.0,44809860.0,2.37
2014-03-31,002387,23.4867,23.4867,23.2023,22.7757,2489081.0,24346478.0,2.37
2014-03-28,002387,22.0647,24.2925,23.2023,22.0647,5972623.0,58810596.0,2.37
2014-03-27,002387,22.515,22.752,22.1832,21.7092,4406395.0,41513952.0,2.37
2014-03-26,002387,23.1312,23.3445,22.5387,22.3965,4163898.0,39891740.0,2.37
2014-03-25,002387,23.3208,23.5815,23.1312,22.9653,2735762.0,26836576.0,2.37
2014-03-24,002387,22.9416,23.3682,23.3445,22.752,3434245.0,33471456.0,2.37
2014-03-21,002387,22.515,23.2023,23.1549,22.3254,2259652.0,21767484.0,2.37
2014-03-20,002387,22.5624,23.0364,22.515,22.3965,4862453.0,46529112.0,2.37
2014-03-19,002387,22.7283,22.989,22.752,22.3965,2673283.0,25553286.0,2.37
2014-03-18,002387,23.226,23.2497,22.752,22.752,2450614.0,23751550.0,2.37
2014-03-17,002387,23.1786,23.3208,23.226,22.6335,4715933.0,45794544.0,2.37
2014-03-14,002387,23.463,23.5578,23.1786,23.0838,4280768.0,42024368.0,2.37
2014-03-13,002387,23.0838,23.463,23.463,22.9416,6298260.0,61707864.0,2.37
2014-03-12,002387,23.1075,23.1786,23.1786,22.5624,6708790.0,64744812.0,2.37
2014-03-11,002387,22.4439,23.2023,23.1786,22.3491,11851992.0,113629344.0,2.37
2014-03-10,002387,22.4202,22.989,22.4439,22.2069,8973881.0,85135216.0,2.37
2014-03-07,002387,21.8988,22.7283,22.5861,21.8988,6825298.0,64417360.0,2.37
2014-03-06,002387,21.8514,22.278,21.9225,21.7566,3512296.0,32609826.0,2.37
2014-03-05,002387,21.9462,22.4913,21.8751,21.804,3133702.0,29309846.0,2.37
2014-03-04,002387,22.1121,22.1121,21.9462,21.5907,3246610.0,29926358.0,2.37
2014-03-03,002387,21.8988,22.3965,22.041,21.7092,3841699.0,35605928.0,2.37
2014-02-28,002387,21.7566,22.0647,21.9936,20.856,5368825.0,49098488.0,2.37
2014-02-27,002387,21.0456,22.1832,21.3774,20.7612,3718191.0,33936824.0,2.37
2014-02-26,002387,20.0976,21.0456,20.9982,19.7658,2888664.0,24992182.0,2.37
2014-02-25,002387,21.33,21.8751,20.5005,20.5005,5145558.0,46455068.0,2.37
2014-02-24,002387,20.9034,21.2826,21.2826,20.6901,2150570.0,19035120.0,2.37
2014-02-21,002387,21.33,21.6381,21.0693,20.8086,2700488.0,23996996.0,2.37
2014-02-20,002387,21.9462,22.1832,21.4248,21.3537,3082415.0,28221166.0,2.37
2014-02-19,002387,21.9462,22.1832,21.9699,21.4011,4333292.0,39711712.0,2.37
2014-02-18,002387,22.752,22.752,22.0173,21.5907,7324148.0,68236464.0,2.37
2014-02-17,002387,22.1121,23.0127,22.7994,21.8277,5954659.0,56899328.0,2.37
2014-02-14,002387,22.041,22.3965,22.1358,21.7092,5933011.0,55061532.0,2.37
2014-02-13,002387,20.9982,23.0838,22.278,20.9982,15427049.0,145256592.0,2.37
2014-02-12,002387,20.2872,20.9982,20.9745,20.145,4706498.0,41223872.0,2.37
2014-02-11,002387,20.382,20.5242,20.2872,19.8843,3509874.0,30048046.0,2.37
2014-02-10,002387,20.2161,20.6664,20.4294,19.9554,4777220.0,41039784.0,2.37
2014-02-07,002387,19.1733,20.0502,20.0265,18.9837,2465477.0,20393992.0,2.37
2014-01-30,002387,19.7184,20.145,19.3866,19.3866,1944911.0,16280097.0,2.37
2014-01-29,002387,19.8369,20.0739,19.8606,19.671,2920318.0,24469902.0,2.37
2014-01-28,002387,19.7895,20.2398,19.9554,19.671,4602216.0,38774392.0,2.37
2014-01-27,002387,19.2207,19.6947,19.6236,19.2207,2750572.0,22675632.0,2.37
2014-01-24,002387,19.3629,19.5762,19.4103,19.1496,3009921.0,24659618.0,2.37
2014-01-23,002387,19.6236,20.0028,19.434,19.434,2943683.0,24455664.0,2.37
2014-01-22,002387,19.5999,19.7895,19.671,19.3155,3399011.0,28121232.0,2.37
2014-01-21,002387,19.434,19.5999,19.4814,19.2918,1514869.0,12427259.0,2.37
2014-01-20,002387,19.3392,19.7658,19.5525,19.197,2988391.0,24650868.0,2.37
2014-01-17,002387,18.9837,19.5051,19.3392,18.96,3183107.0,25978926.0,2.37
2014-01-16,002387,19.1022,19.5288,19.1022,18.9126,2848252.0,23112578.0,2.37
2014-01-15,002387,19.0785,19.2207,19.0074,18.7467,1715102.0,13667663.0,2.37
2014-01-14,002387,18.3201,19.3155,19.197,18.1305,1498904.0,11666911.0,2.37
2014-01-13,002387,18.2016,18.4386,18.249,17.8935,853336.0,6586502.0,2.37
2014-01-10,002387,18.4149,18.5808,18.1542,18.1068,1131007.0,8730342.0,2.37
2014-01-09,002387,19.0074,19.1259,18.6045,18.5097,1517810.0,12073131.0,2.37
2014-01-08,002387,19.197,19.3392,19.1496,18.9363,1400891.0,11287050.0,2.37
2014-01-07,002387,19.1022,19.6236,19.2918,19.0548,1753156.0,14270106.0,2.37
2014-01-06,002387,18.8889,19.3629,19.1733,18.5808,2083328.0,16733785.0,2.37
2014-01-03,002387,18.96,19.434,18.96,18.8889,1975500.0,15956169.0,2.37
2014-01-02,002387,18.6993,19.0548,19.0074,18.5097,1512971.0,12010238.0,2.37
